{"cameraMode":{"drawMode":0,"name":"Shaded","section":"Shading Mode"},"sceneLighting":true,"audioPlay":false,"sceneViewState":{"showFog":true,"showMaterialUpdate":false,"showSkybox":true,"showFlares":true,"showImageEffects":true,"showParticleSystems":true},"in2DMode":false,"pivot":{"x":42.04502868652344,"y":-60.83389663696289,"z":51.366432189941409},"rotation":{"x":-0.34721365571022036,"y":-0.2983245551586151,"z":0.11754108220338822,"w":-0.8812903761863709},"size":55.129241943359378,"orthographic":false}