{"cameraMode":{"drawMode":0,"name":"Shaded","section":"Shading Mode"},"sceneLighting":true,"audioPlay":false,"sceneViewState":{"showFog":true,"showMaterialUpdate":false,"showSkybox":true,"showFlares":true,"showImageEffects":true,"showParticleSystems":true},"in2DMode":false,"pivot":{"x":-0.3097970485687256,"y":-2.9727914333343508,"z":0.925470769405365},"rotation":{"x":-0.3578509986400604,"y":0.6132768392562866,"z":-0.3641320765018463,"w":-0.6026990413665772},"size":5.497137546539307,"orthographic":false}